tenure_months,monthly_charges,support_tickets_last_90d,num_products,avg_login_frequency_per_week,churned
57.7,36.66,1,5,1.18,0
56.1,33.2,3,5,8.7,0
57.2,84.13,1,1,0.92,0
6.7,10.0,1,1,0.0,0
2.1,75.14,4,5,3.88,1
34.9,58.05,1,1,1.73,0
33.8,102.71,0,3,3.92,0
75.0,57.66,3,5,3.85,0
1.9,86.49,1,4,3.61,0
25.1,60.08,0,3,2.32,0
1.7,72.84,1,2,4.87,0
26.1,88.42,0,4,3.37,0
41.6,58.44,0,4,6.21,0
9.3,94.91,1,5,3.64,0
29.6,45.16,1,3,2.07,0
3.7,77.36,1,5,0.62,0
2.2,93.07,1,4,3.66,0
7.6,86.5,0,1,1.46,0
21.6,117.91,1,2,1.3,0
9.9,50.91,1,4,5.05,0
29.9,35.52,1,1,0.44,0
5.4,45.14,2,4,6.82,0
44.1,86.51,0,2,4.32,0
29.5,82.45,0,2,3.91,0
15.7,72.56,1,3,1.93,0
10.0,41.93,4,5,5.53,0
10.9,89.17,2,5,3.99,0
1.8,39.38,4,3,2.63,0
4.3,98.97,3,1,4.4,1
16.4,141.44,0,5,0.63,0
9.3,79.16,0,5,0.73,0
30.3,84.58,0,4,1.76,0
17.0,57.68,1,4,4.7,0
5.7,24.74,3,3,3.99,0
11.1,54.93,1,1,6.1,0
15.4,42.68,1,1,2.16,0
8.3,33.82,0,1,5.15,0
7.7,113.06,0,5,3.77,0
21.1,76.82,1,1,2.11,0
7.1,79.49,3,3,4.77,0
32.0,62.27,0,2,3.87,0
33.4,65.68,1,1,2.74,0
26.0,94.11,1,5,4.08,1
1.8,69.19,1,1,3.74,0
27.2,83.27,1,5,3.69,0
32.5,65.1,1,4,3.17,0
26.9,61.45,2,4,1.39,0
6.7,34.83,0,1,4.15,0
7.7,20.56,1,5,2.39,0
4.0,63.46,0,3,1.96,0
8.5,71.41,2,3,3.52,0
0.5,37.85,1,4,5.47,0
4.0,69.14,1,2,4.37,0
31.6,71.34,2,2,2.94,0
95.9,16.1,0,2,2.86,0
13.5,47.12,2,3,5.27,0
6.8,80.18,3,4,0.0,1
9.5,79.68,2,2,5.59,0
8.7,41.16,1,2,0.25,0
3.1,73.96,0,5,1.17,0
26.0,95.56,1,3,2.97,0
33.0,89.43,0,5,8.34,0
36.2,67.62,0,2,7.35,0
120.0,58.3,2,2,5.41,0
50.6,54.27,0,2,4.71,0
39.5,81.7,2,3,0.28,0
25.0,74.88,2,4,4.31,0
14.2,85.74,2,3,2.9,0
1.1,73.3,2,2,2.37,0
23.0,90.47,3,5,4.31,0
14.9,72.36,1,3,3.06,0
36.2,89.62,0,2,5.74,0
48.7,91.77,2,1,0.13,0
8.0,49.89,1,3,4.15,0
1.2,24.8,1,4,2.24,1
22.2,108.59,0,5,3.18,0
61.3,76.42,1,2,4.61,0
19.7,27.14,1,1,1.77,0
51.1,52.15,2,5,4.33,0
18.1,89.3,0,3,3.58,0
31.5,63.01,0,1,2.68,0
6.9,57.2,2,1,3.06,0
3.2,105.02,1,3,3.69,0
3.4,43.82,2,4,2.46,0
2.8,50.05,2,2,4.01,1
1.3,75.28,0,2,3.44,1
41.2,79.76,0,4,2.78,0
10.8,82.41,1,5,7.18,0
9.3,92.78,3,3,4.83,0
22.4,74.96,0,3,3.23,0
4.5,82.23,1,2,4.29,0
46.0,63.52,4,1,1.95,0
31.0,71.57,2,1,3.13,0
7.9,72.69,0,5,3.36,0
4.8,75.38,0,1,1.51,0
12.7,89.31,1,5,4.77,0
7.3,83.88,3,2,2.99,0
1.8,71.11,1,4,3.29,0
12.1,49.77,2,5,2.86,1
54.0,71.69,0,4,9.92,0
24.2,69.3,0,4,2.67,0
74.0,74.83,2,2,0.0,0
49.1,125.16,0,3,0.8,0
26.8,56.91,1,4,5.52,0
44.4,80.56,4,3,6.67,0
17.4,96.71,1,1,2.64,0
25.6,72.45,0,5,6.56,0
9.1,128.45,1,1,5.48,0
5.3,60.55,3,5,3.62,0
51.5,78.1,2,5,3.48,0
3.4,50.03,3,1,4.36,1
4.5,61.21,0,4,5.75,0
7.4,76.22,1,4,4.79,0
23.2,91.16,0,2,2.65,0
9.9,77.98,1,5,3.65,0
16.4,101.48,0,1,7.96,0
51.8,67.63,1,2,4.5,0
37.0,61.7,1,5,5.74,0
28.1,137.6,1,4,5.08,0
4.1,79.86,1,1,4.55,0
28.5,52.01,1,1,4.22,0
10.9,52.64,0,2,5.79,0
3.0,46.43,3,1,5.44,0
9.6,93.41,0,1,4.53,0
1.7,60.89,2,3,2.61,0
22.0,73.18,2,1,4.77,0
23.3,68.41,1,2,3.87,0
7.1,88.29,0,2,3.38,0
1.1,48.83,1,5,9.36,0
65.5,43.11,3,5,0.92,0
19.4,75.61,0,5,5.92,1
35.7,85.02,1,2,2.27,0
8.5,78.31,3,3,4.26,0
40.2,49.76,1,3,9.14,0
39.4,86.94,1,5,2.08,0
2.2,51.4,0,4,2.55,0
120.0,56.96,2,5,3.96,0
16.2,46.4,0,3,2.31,0
33.5,102.53,1,5,5.77,0
5.8,85.84,0,4,2.93,0
23.6,85.12,1,4,5.31,0
6.9,101.18,1,4,1.34,0
38.7,140.32,0,2,0.39,0
11.1,27.27,0,4,3.54,0
18.7,51.54,0,2,0.86,0
12.7,54.6,0,4,7.04,0
18.1,48.73,1,2,0.94,0
11.3,43.06,2,4,1.92,0
14.7,62.51,2,3,4.83,1
0.7,39.58,0,4,2.83,0
38.1,78.38,1,2,0.96,0
60.2,71.29,1,4,8.08,0
13.9,82.03,1,5,2.0,0
81.7,82.69,1,1,3.61,0
4.0,85.08,1,2,3.58,1
66.8,60.66,0,4,5.42,0
8.7,123.03,4,5,4.92,1
16.0,75.86,1,4,2.35,0
58.5,23.44,1,3,3.35,0
3.0,44.94,2,2,3.55,0
4.6,26.49,2,5,5.5,0
32.2,70.43,0,5,1.66,0
23.6,66.95,0,5,8.04,0
6.9,58.29,2,2,2.48,0
10.6,120.27,1,3,3.98,0
18.0,83.72,1,2,1.68,0
45.6,88.15,2,5,1.4,0
8.6,46.72,0,5,2.25,0
18.4,45.02,3,1,2.06,0
8.5,70.92,1,2,3.17,1
7.3,74.33,1,3,2.04,1
51.2,23.59,1,3,5.39,0
13.4,65.49,0,3,2.43,0
32.1,70.35,1,2,2.21,0
7.3,64.62,2,4,3.21,0
4.5,49.67,0,5,5.99,0
27.4,56.51,1,5,4.43,0
34.0,65.58,3,3,3.8,0
22.8,72.27,1,5,1.13,0
28.5,85.12,1,4,1.71,0
24.5,97.02,1,1,1.44,0
26.2,62.64,0,4,6.61,0
54.1,58.6,1,2,5.06,0
67.8,80.94,2,4,2.28,0
15.9,85.27,0,4,2.87,0
2.2,59.14,0,5,2.35,0
33.7,89.76,0,5,2.23,0
20.3,94.49,1,5,4.92,0
58.6,102.29,1,3,3.42,0
25.1,114.46,0,3,8.16,0
3.4,48.34,2,3,6.5,1
25.2,70.35,2,5,6.62,0
13.7,70.28,1,2,5.34,0
2.8,67.55,2,3,3.15,0
6.6,53.77,2,4,5.2,0
83.4,32.86,0,1,3.3,0
9.7,72.32,2,4,7.26,0
6.2,50.79,1,2,4.81,0
10.7,72.15,0,2,4.52,0
49.6,50.15,2,4,4.25,0
26.1,42.51,0,1,7.48,0
4.7,75.86,1,1,1.13,1
0.2,73.77,1,3,7.68,0
10.5,84.48,0,3,3.63,1
3.6,124.65,1,1,1.19,1
49.6,76.93,1,2,2.5,0
2.6,82.13,3,2,0.7,0
16.4,43.06,2,3,5.31,0
24.4,37.83,0,2,1.92,0
68.9,109.57,1,1,4.34,0
7.0,46.91,2,3,6.27,0
41.7,43.9,2,5,2.66,0
18.3,69.02,1,3,3.46,0
41.5,67.75,2,2,1.39,1
8.6,47.44,1,3,3.22,0
8.0,62.38,1,1,9.15,0
6.1,100.73,4,2,5.56,1
25.1,49.85,3,3,3.47,0
15.6,35.16,1,3,2.78,0
20.8,93.56,2,3,3.91,0
30.8,82.31,0,5,4.26,0
27.7,54.49,2,4,3.16,0
25.1,30.45,1,1,5.06,0
33.6,51.38,4,3,2.09,0
0.8,68.63,1,3,2.08,0
36.1,99.14,0,1,4.74,0
31.2,44.09,0,2,1.66,0
10.5,67.89,2,5,5.46,1
5.8,86.88,2,2,3.97,0
17.1,10.47,0,3,0.34,0
48.6,95.84,0,2,4.22,0
7.8,40.44,1,1,0.63,0
34.4,78.3,1,2,5.39,0
71.3,76.17,3,4,3.5,0
9.6,97.11,2,5,7.7,0
103.3,83.77,0,4,6.14,0
1.4,10.57,0,5,1.88,0
0.9,50.38,0,4,0.0,0
44.6,73.46,1,4,2.49,0
15.5,65.13,0,3,1.56,0
14.5,81.94,1,1,7.65,0
47.0,89.73,1,3,3.98,0
59.4,85.21,0,5,5.87,0
19.8,64.64,0,3,3.43,0
50.6,23.84,0,4,3.64,0
24.3,58.61,0,1,3.93,0
12.0,80.41,1,2,6.21,0
5.8,42.74,0,2,4.62,0
33.0,85.78,2,2,1.89,0
51.4,92.71,1,5,7.25,0
64.1,73.17,2,3,3.41,0
7.2,10.0,0,4,3.09,0
24.6,38.05,3,4,0.0,0
12.3,117.15,1,3,5.27,0
41.1,56.34,2,5,4.2,0
5.3,20.4,0,2,4.2,0
1.4,100.88,1,1,3.19,0
8.7,70.33,1,4,2.85,0
1.7,97.62,1,4,3.26,0
11.3,76.92,0,2,4.93,0
11.7,81.46,1,5,5.28,0
2.7,79.08,0,1,3.54,0
74.1,87.44,1,2,5.9,0
7.3,126.94,0,1,3.84,0
28.7,94.28,0,1,2.99,0
4.8,30.49,0,4,4.4,0
12.2,81.17,2,4,1.28,1
2.2,98.54,3,4,4.47,0
2.8,100.07,0,5,0.92,0
0.3,59.33,2,1,1.94,0
38.8,99.12,1,4,0.0,0
8.5,93.19,2,1,3.65,1
16.6,134.31,1,5,7.22,0
20.9,51.25,1,4,3.77,0
4.3,57.31,3,4,5.29,0
70.4,62.35,1,3,8.7,0
13.1,57.74,0,2,4.81,0
1.8,47.75,0,4,2.47,0
2.6,10.0,1,5,2.74,0
11.9,59.13,1,1,4.0,0
3.0,79.23,0,5,2.73,0
7.8,57.67,3,4,2.88,1
17.8,118.38,1,1,5.97,0
1.0,70.33,1,5,6.05,1
8.6,102.28,1,1,0.71,1
37.7,76.54,0,4,2.36,0
1.8,90.66,1,1,3.07,1
23.3,76.98,1,1,5.2,0
1.2,104.22,0,4,6.29,0
64.3,71.4,1,4,9.4,0
6.1,82.4,1,4,3.07,0
5.9,79.16,1,2,3.17,1
26.2,62.79,3,5,5.18,0
54.2,80.12,0,1,2.64,0
76.5,125.86,1,5,3.72,0
33.2,63.24,0,2,3.17,0
41.5,80.49,1,4,0.0,0
26.3,101.44,0,5,4.25,0
4.6,98.51,0,2,3.64,0
28.0,70.29,1,3,6.54,0
4.0,10.42,1,5,4.01,0
23.7,82.92,0,5,1.49,0
18.4,14.51,1,2,3.48,0
8.6,106.75,2,3,0.0,1
17.0,74.24,2,2,1.58,0
21.7,94.99,2,3,5.27,0
5.6,47.45,2,2,3.51,1
10.0,31.19,0,1,5.85,0
10.1,76.52,2,5,0.07,1
2.7,69.16,2,4,3.52,0
7.0,57.71,0,3,3.05,0
24.6,72.12,1,1,5.91,0
28.7,139.19,0,1,5.35,0
13.8,90.86,1,3,5.28,0
14.4,96.24,0,4,7.08,0
9.5,91.1,1,2,3.26,0
28.0,106.99,5,4,6.67,0
9.7,65.25,1,2,1.91,1
23.0,18.63,2,1,1.84,0
15.4,65.29,0,3,5.51,0
14.4,90.29,2,1,0.99,0
69.0,45.75,0,1,5.15,0
51.5,65.59,3,1,4.2,0
22.9,52.71,0,2,6.14,0
28.6,107.55,0,3,3.88,0
3.6,88.74,2,5,4.11,0
11.1,86.29,1,2,5.02,0
31.3,85.54,1,1,2.67,0
24.6,69.07,2,1,2.59,0
5.7,74.94,2,2,4.95,0
74.5,40.37,0,2,3.94,0
0.9,15.34,1,2,3.19,1
26.7,73.75,2,5,3.83,1
2.3,78.1,2,2,7.19,0
59.0,100.23,1,4,3.11,0
2.1,109.28,2,4,3.06,0
37.2,109.25,1,1,0.59,0
4.3,45.05,2,2,3.92,0
109.0,61.19,1,3,5.31,0
13.9,82.01,0,3,5.67,0
28.2,133.3,0,1,4.22,0
23.5,107.0,0,4,5.91,0
16.1,97.98,2,2,5.46,0
34.6,60.31,1,2,6.23,0
17.8,47.92,1,4,5.97,0
65.8,89.72,1,5,7.14,0
1.5,42.48,1,5,3.66,0
120.0,64.04,2,5,1.35,0
19.9,67.13,0,3,5.33,0
7.1,109.82,2,1,5.56,0
14.1,61.13,0,2,7.14,0
29.8,10.0,0,2,6.56,0
23.9,82.61,2,2,7.89,0
50.1,52.52,2,2,5.24,0
54.6,71.07,0,1,4.46,0
22.7,67.83,0,1,1.23,0
37.8,63.16,1,4,4.62,0
16.1,89.76,1,3,2.89,1
2.8,31.68,2,1,4.42,0
13.1,57.07,1,3,4.11,0
7.1,87.1,1,5,4.94,0
47.3,54.65,1,3,3.81,0
5.5,29.78,2,2,5.87,0
30.6,86.71,2,2,0.0,0
54.5,98.08,1,2,4.38,0
3.2,68.88,1,2,6.4,0
22.8,20.98,0,5,7.74,0
62.6,87.65,1,5,5.46,0
12.4,28.5,2,2,7.37,0
11.8,77.72,3,5,4.34,0
15.9,47.81,0,5,4.01,1
4.9,41.0,0,1,5.06,0
4.3,58.95,4,3,3.99,0
74.6,65.42,1,4,2.44,0
57.6,53.89,0,3,2.97,0
14.1,84.72,1,3,1.78,0
7.8,58.85,2,3,5.06,0
32.3,94.5,3,4,4.02,0
104.3,77.03,1,2,3.28,0
52.0,52.56,0,3,2.87,0
11.7,48.35,2,2,5.01,0
15.9,28.81,0,5,5.56,0
26.3,77.27,2,1,1.74,1
18.0,61.14,3,1,1.42,1
7.8,10.7,1,1,5.91,0
7.7,56.61,1,2,1.25,1
26.0,47.47,1,4,5.09,0
83.8,109.39,1,5,7.23,0
4.6,27.43,3,3,7.24,0
28.5,33.97,3,1,5.48,1
63.0,97.75,0,2,5.42,0
0.3,103.92,1,1,8.5,0
13.2,51.38,1,3,0.0,0
32.4,54.2,0,4,3.07,0
54.6,85.41,1,1,5.7,0
67.6,11.82,1,4,3.33,0
8.0,23.47,0,2,6.48,0
1.7,62.98,0,4,3.92,0
8.2,108.75,1,5,4.26,0
19.4,59.11,0,4,3.45,0
6.4,72.52,0,4,2.95,0
10.3,98.34,1,4,2.91,0
34.1,122.67,0,1,4.54,0
0.4,55.58,2,1,2.45,0
42.6,69.58,1,2,5.91,0
0.5,115.55,1,4,5.31,1
23.0,31.95,1,4,6.2,0
1.4,95.69,3,4,1.74,1
7.7,44.54,1,2,0.6,1
14.0,72.56,1,5,3.99,0
52.2,63.93,1,3,9.8,0
5.2,46.05,1,2,6.53,0
93.3,45.42,0,4,2.89,0
52.3,76.91,2,1,4.85,0
1.9,94.89,1,3,5.46,0
0.2,66.76,0,4,1.26,0
4.1,71.75,1,4,6.74,0
23.4,84.28,1,2,3.67,0
120.0,45.71,2,1,3.82,0
8.5,88.49,0,1,4.05,0
33.5,90.48,2,1,6.29,0
2.0,135.09,1,5,2.49,1
37.5,60.6,0,4,0.59,0
47.7,58.55,1,3,4.65,0
53.2,89.22,1,3,0.0,1
54.0,90.48,0,2,3.4,0
39.5,56.62,1,1,6.37,0
2.0,59.92,1,1,5.16,0
19.8,83.53,4,4,6.08,0
10.5,49.31,1,1,5.24,0
11.2,59.74,1,1,8.82,0
53.6,72.24,0,4,2.82,0
51.7,94.9,0,3,4.8,0
28.1,54.89,1,3,3.12,0
6.0,23.94,2,2,5.91,0
26.5,22.09,1,1,3.88,0
6.9,38.51,2,3,7.44,0
35.6,37.17,0,2,2.94,0
4.6,66.13,1,3,6.81,0
28.4,40.28,0,1,5.19,0
11.4,52.43,1,2,3.94,0
2.3,50.65,1,1,5.08,0
33.1,58.99,1,3,4.52,0
3.0,103.06,1,2,4.71,1
102.6,86.55,0,2,3.59,0
15.8,70.4,1,3,2.6,0
8.5,58.47,2,3,3.33,0
4.8,59.17,0,2,0.63,0
17.5,78.19,0,4,5.68,0
33.4,84.6,0,2,1.53,0
42.6,47.31,1,2,3.56,0
21.1,70.91,2,3,5.3,0
81.3,19.21,1,1,5.68,0
37.2,75.29,1,3,0.45,0
4.3,89.05,1,3,3.82,0
77.7,63.0,2,1,4.92,0
9.7,115.41,1,3,4.1,0
81.6,47.97,1,1,6.69,0
7.4,75.44,0,4,2.36,0
12.6,69.1,1,1,0.0,1
27.5,67.49,0,1,5.62,0
1.8,67.14,3,2,2.93,1
63.2,72.68,1,4,0.48,0
10.8,91.2,2,4,3.68,1
6.2,104.44,2,3,6.46,0
1.5,69.94,4,1,1.47,1
0.6,90.38,0,2,8.67,0
0.7,52.46,0,4,2.32,0
9.2,89.15,2,1,4.17,0
8.8,50.95,0,4,1.56,0
24.5,97.27,0,2,4.08,0
55.0,125.27,2,1,3.73,0
28.1,66.95,3,4,1.02,0
26.2,15.19,3,1,9.65,0
13.3,56.3,2,2,3.01,1
23.2,100.8,1,1,3.01,0
19.2,83.83,1,3,5.94,0
1.3,76.22,1,1,7.63,0
6.4,95.22,2,1,6.25,1
6.2,82.11,0,3,1.6,0
1.8,100.44,0,5,4.43,0
11.0,92.99,2,1,0.24,1
1.4,108.04,0,3,5.8,0
36.1,78.97,0,5,0.73,0
37.0,92.63,0,2,2.39,0
2.6,62.32,2,3,3.99,0
2.1,54.96,1,5,4.89,0
75.1,112.67,1,4,3.48,1
7.5,75.41,3,2,7.04,1
16.9,90.12,1,4,5.45,0
14.8,73.09,1,4,5.29,0
30.6,55.34,0,3,1.54,0
24.9,70.27,0,3,7.4,0
54.9,105.9,1,5,2.39,0
4.5,83.88,1,5,7.48,0
24.8,27.21,2,5,8.04,0
10.3,64.62,1,4,5.03,0
17.2,114.56,1,2,6.06,1
99.5,64.66,1,1,0.0,0
13.0,24.99,1,1,3.61,0
28.3,117.33,2,5,6.2,0
15.4,87.06,0,2,5.85,0
4.7,68.25,0,1,1.56,0
0.5,60.71,0,2,3.41,0
37.4,97.06,0,1,0.0,0
2.3,56.45,1,3,4.83,0
4.7,98.71,1,3,0.23,1
21.9,83.55,0,2,6.26,0
9.0,76.12,1,4,6.37,0
14.7,73.64,1,3,3.05,0
15.0,65.63,2,5,5.04,0
0.6,96.14,2,4,3.57,0
53.0,48.37,3,1,4.48,0
97.3,29.45,1,2,1.71,0
16.4,85.36,1,4,5.24,0
9.9,85.78,0,3,0.72,0
54.5,82.01,0,4,0.34,0
12.9,80.19,1,2,3.76,0
23.4,61.99,0,1,3.58,0
49.7,89.69,0,4,4.54,0
10.3,68.86,1,4,2.7,0
46.2,57.82,0,4,7.77,0
27.4,62.2,1,3,4.32,0
24.6,120.52,3,1,4.47,0
42.4,26.63,1,4,4.39,0
0.4,82.49,0,4,6.01,1
9.0,28.02,0,4,5.15,0
5.4,67.29,0,1,4.88,0
7.9,59.16,1,4,5.47,0
10.1,17.87,0,4,0.35,0
6.2,79.73,1,5,0.43,0
14.3,60.5,0,3,3.85,0
8.5,17.52,0,4,3.6,0
13.5,90.99,0,3,5.16,0
15.6,105.88,0,4,4.04,0
6.5,107.25,2,4,5.16,0
23.3,78.97,1,4,1.51,0
28.2,71.15,1,5,3.98,0
37.4,103.2,0,1,1.32,1
5.5,112.06,1,4,4.77,0
23.8,98.34,0,4,0.24,0
32.9,46.46,0,3,4.7,0
1.1,75.03,1,3,1.06,0
13.7,80.99,1,4,3.23,0
22.8,24.76,1,3,5.79,0
7.1,81.73,0,3,4.45,0
44.1,126.82,2,5,0.71,1
31.1,86.0,0,4,2.66,0
4.6,106.84,4,2,1.0,0
14.3,74.57,1,5,0.61,0
80.5,68.17,2,2,4.24,0
19.1,79.53,2,1,5.12,1
34.1,49.6,1,5,4.88,0
59.4,45.91,5,2,5.21,0
14.2,101.66,1,2,3.98,0
2.3,104.31,2,2,3.45,1
6.0,45.22,2,3,1.85,1
15.9,94.2,2,1,3.12,0
14.1,67.83,0,1,1.36,0
19.5,78.5,2,2,2.31,0
31.6,81.51,1,2,4.18,0
36.5,94.86,2,1,3.76,0
25.6,72.07,3,5,10.13,0
68.6,105.25,0,3,1.31,0
86.8,77.74,0,1,3.75,0
31.3,85.6,2,1,1.15,0
46.7,49.17,1,5,3.22,0
12.4,123.97,2,2,3.31,0
3.5,81.75,0,1,5.69,0
20.2,87.82,0,4,3.1,0
62.2,29.8,1,5,3.62,0
3.8,49.43,1,2,3.14,0
10.5,100.95,1,4,1.2,0
24.0,77.17,0,3,2.7,0
13.8,22.16,2,1,3.24,0
1.3,95.96,0,4,4.15,0
99.7,56.41,2,5,5.12,0
18.6,105.28,0,5,3.53,0
7.0,67.8,0,1,3.5,0
11.9,75.12,2,3,0.56,0
0.7,99.47,1,4,5.08,0
19.3,47.56,1,1,2.61,0
39.5,45.18,0,5,5.49,0
19.4,65.09,1,1,6.63,0
35.6,90.68,3,2,3.62,0
16.2,36.73,1,5,1.95,0
35.0,28.3,2,3,3.97,0
17.0,90.59,0,4,4.7,0
24.5,54.93,3,3,3.37,0
46.1,60.19,3,4,2.87,0
105.4,23.58,3,1,5.13,0
12.9,53.03,1,4,5.0,0
82.7,69.81,1,1,3.31,0
2.7,93.26,0,1,0.69,0
21.8,50.72,4,3,4.91,1
16.9,111.43,1,3,2.47,1
20.7,52.89,0,1,4.43,0
44.3,52.92,1,4,4.3,0
11.9,108.43,2,2,0.22,1
100.8,75.29,0,5,4.16,0
19.1,56.2,1,1,5.03,0
35.1,66.12,1,2,5.27,0
21.3,103.83,2,2,4.23,0
17.7,106.66,0,3,0.05,0
13.8,49.58,1,3,6.55,0
0.6,68.94,0,1,4.82,1
94.3,72.25,2,3,1.59,0
25.0,45.34,2,5,2.42,0
66.2,68.61,1,1,4.46,0
97.1,70.13,1,2,5.36,0
37.2,98.51,1,3,3.02,0
11.5,100.19,1,4,5.65,0
15.2,61.77,1,1,0.41,0
2.4,64.65,2,2,1.92,1
56.9,86.61,0,2,0.0,0
28.2,55.37,0,4,2.21,0
65.9,84.72,1,1,7.02,0
58.2,67.8,1,4,8.12,0
1.0,45.77,0,3,4.47,0
42.4,46.08,2,2,2.72,0
3.5,106.18,1,5,3.56,0
1.8,66.09,1,5,4.95,0
27.3,111.01,2,5,0.87,1
14.6,57.16,5,5,2.86,1
37.8,77.28,1,2,6.87,0
78.5,129.82,1,5,1.91,0
13.2,43.57,1,1,2.5,0
22.2,22.55,1,2,4.03,0
0.1,102.16,1,3,4.57,0
5.5,49.33,0,4,2.75,0
26.9,69.48,4,3,4.15,1
0.3,55.35,1,3,5.22,0
25.2,76.7,1,2,7.92,0
23.8,46.24,0,3,3.75,0
2.3,65.5,2,3,3.92,0
62.4,81.25,2,3,7.05,0
34.8,44.79,1,3,2.9,0
57.5,52.5,0,4,1.35,0
4.0,61.32,1,2,4.5,1
33.7,34.28,0,1,6.15,0
10.1,59.44,1,2,4.72,0
73.1,72.97,2,3,3.81,0
15.9,60.01,1,1,1.1,1
23.1,63.22,1,1,3.88,0
7.8,69.5,1,5,6.47,0
15.4,53.61,1,2,1.53,1
33.5,87.28,0,4,3.51,0
25.5,105.9,1,1,3.23,0
0.3,58.39,1,5,2.6,1
0.9,82.13,0,2,4.5,0
14.7,64.01,1,2,4.89,0
36.2,79.14,3,4,4.87,0
22.4,109.14,2,2,2.05,1
4.8,82.72,1,3,0.71,1
39.0,25.66,1,4,4.52,0
80.9,81.35,0,1,2.99,0
9.9,100.82,1,1,7.68,0
15.6,64.46,0,4,7.77,0
14.1,94.89,0,2,7.98,0
8.3,52.75,0,5,2.12,0
10.2,32.86,1,5,5.14,0
8.6,73.53,2,5,5.74,0
4.9,26.09,0,5,5.52,0
1.4,64.01,2,5,3.29,0
8.1,102.17,0,2,6.56,0
52.1,22.26,1,5,4.0,0
9.3,38.01,1,2,4.26,0
6.5,44.2,1,3,0.92,0
37.3,68.42,0,1,5.29,0
12.4,60.86,0,5,3.48,0
34.4,104.98,1,3,4.93,0
27.9,93.86,0,5,4.47,0
27.9,82.38,1,2,4.36,0
8.7,73.64,0,2,3.91,0
20.5,79.83,1,3,5.57,0
69.7,48.45,0,5,3.6,0
32.6,91.43,2,3,1.09,0
29.3,42.2,2,4,5.14,0
14.5,90.88,2,2,2.38,0
28.0,99.65,1,4,1.35,0
17.6,75.27,0,4,1.96,0
4.3,65.59,3,5,4.57,1
8.5,80.01,1,1,3.81,0
4.1,10.0,3,2,0.0,1
26.3,77.56,0,1,3.23,0
2.4,67.17,0,3,6.34,0
2.2,68.73,1,4,3.1,0
5.2,87.66,2,4,3.67,0
11.4,68.13,1,4,6.09,0
4.2,41.49,0,4,5.59,1
31.5,66.46,2,5,6.04,0
18.6,71.69,0,5,0.0,0
120.0,72.87,1,3,7.47,0
81.9,74.05,1,5,5.27,0
17.2,95.98,0,1,8.92,0
15.3,42.85,1,4,2.44,0
2.9,74.39,0,3,0.47,0
39.6,102.25,2,5,4.01,0
84.6,26.63,0,3,3.45,0
15.8,74.49,4,1,5.31,1
37.9,55.37,1,4,6.15,0
0.5,60.73,3,5,3.83,0
120.0,47.38,0,1,3.52,0
2.5,65.76,1,1,5.05,0
36.3,116.03,2,4,3.49,0
1.3,38.39,0,3,3.32,1
8.2,40.76,3,3,6.07,1
9.6,37.45,1,1,6.52,0
25.4,113.19,1,3,6.17,0
1.6,58.44,3,3,3.66,1
10.8,69.36,0,5,0.0,0
5.8,59.93,1,2,3.7,0
2.9,46.39,1,2,2.48,0
40.4,64.12,1,1,3.74,0
11.5,131.46,2,3,2.66,1
2.4,104.8,2,4,3.96,1
13.8,48.68,0,2,1.92,0
4.7,86.19,1,4,1.44,0
0.0,49.21,2,5,6.45,0
2.6,25.59,3,1,2.06,0
28.7,95.49,1,3,4.0,0
0.0,99.0,0,4,5.91,0
11.5,96.15,1,1,5.83,0
16.8,58.25,0,1,5.59,0
7.2,65.83,1,2,4.61,0
19.3,88.74,1,1,5.45,0
43.9,79.79,1,2,6.75,0
15.0,60.16,2,1,4.85,0
14.1,29.52,1,5,0.33,0
3.6,72.85,1,3,2.94,0
15.2,96.98,1,2,5.39,0
55.7,40.06,2,4,2.75,0
14.0,85.97,1,1,7.24,0
17.5,78.29,0,3,3.87,0
69.0,88.75,2,4,4.17,0
9.6,91.8,2,5,6.25,0
1.1,52.64,1,2,3.63,0
50.4,29.58,0,3,4.35,0
16.6,56.66,1,4,5.8,0
3.4,92.23,3,4,1.06,0
2.1,56.45,2,1,3.43,0
16.0,52.65,2,5,5.66,0
37.7,24.47,2,2,4.13,0
0.7,113.82,2,2,6.93,0
1.7,90.64,1,1,0.85,0
2.7,89.25,0,1,0.62,1
4.1,94.19,0,2,5.54,0
23.9,84.42,0,1,5.73,1
1.4,63.89,3,4,3.61,0
45.8,65.91,3,3,4.8,0
60.4,59.31,0,2,5.49,0
119.9,135.87,2,3,2.37,0
0.2,83.9,1,4,2.59,1
5.2,58.4,0,1,4.38,1
17.6,81.64,2,2,5.81,0
1.7,44.73,2,5,1.67,0
98.7,107.61,2,1,3.6,0
80.5,53.47,2,5,3.51,0
16.4,82.53,0,5,4.84,0
47.9,96.65,2,2,3.98,1
49.7,79.62,0,2,2.91,0
18.1,72.36,1,2,6.5,0
11.7,70.27,0,3,2.92,0
48.2,68.59,4,2,3.42,0
14.4,55.58,1,4,0.82,0
59.6,58.76,0,2,2.57,0
24.3,106.99,3,5,5.03,0
16.4,67.29,4,5,4.64,1
12.0,50.36,4,3,5.2,0
8.2,57.09,0,3,5.1,0
5.3,97.51,0,1,8.18,0
0.3,86.89,3,1,2.5,1
7.5,84.01,1,3,0.76,0
0.4,63.56,1,3,1.9,1
6.0,84.33,1,2,2.59,0
79.4,53.91,1,1,2.05,0
59.4,63.51,0,5,4.19,0
57.7,94.25,0,3,6.51,0
9.6,91.86,3,3,7.08,0
71.6,45.45,1,3,5.01,0
27.6,48.61,1,3,8.28,0
1.1,72.72,3,4,3.29,1
6.3,113.15,1,4,0.73,0
26.0,22.11,0,3,6.11,0
4.3,76.96,2,1,0.32,1
2.8,35.6,0,5,2.49,0
34.3,54.14,4,2,5.04,0
0.1,60.89,4,1,3.8,1
0.8,59.49,2,1,3.62,0
46.8,56.66,0,4,1.64,0
8.4,70.18,2,2,3.98,1
64.5,56.62,2,1,6.01,0
36.9,33.44,1,5,4.04,0
27.6,89.5,2,2,2.34,0
10.3,88.82,3,5,1.5,0
4.1,91.08,2,5,2.38,0
1.9,31.48,2,1,4.78,0
34.4,77.47,1,4,4.69,0
2.5,86.9,0,4,2.4,0
4.9,44.22,1,1,0.0,0
18.4,70.23,3,2,4.84,0
0.9,67.09,1,3,2.2,0
25.9,116.05,1,1,5.38,0
1.6,118.11,2,4,2.49,1
4.9,28.39,0,2,2.02,0
2.0,132.35,1,5,4.31,0
56.1,47.12,1,5,8.72,0
86.1,94.52,2,4,5.5,0
31.6,94.26,0,1,4.27,0
28.2,45.11,1,1,4.72,0
7.0,82.33,0,1,0.5,0
27.1,67.31,1,3,1.76,0
28.4,83.86,2,4,0.0,1
34.3,75.77,0,1,7.46,0
38.5,99.91,3,4,7.05,0
39.8,71.88,0,1,4.79,0
0.5,65.8,0,2,4.27,0
28.2,97.4,2,3,0.9,0
23.5,84.51,1,5,3.56,0
49.5,88.3,1,4,7.58,0
3.0,53.39,3,3,4.26,0
27.0,43.87,2,1,2.87,1
15.4,55.81,0,2,0.48,0
15.7,54.48,1,4,6.76,0
3.9,89.65,0,1,3.86,0
34.6,94.4,0,4,0.49,0
17.0,66.12,0,4,2.15,0
2.6,105.77,1,4,1.44,1
120.0,104.21,0,2,3.74,0
22.4,76.08,1,2,4.41,1
12.3,49.45,1,1,2.99,1
78.3,109.38,3,2,5.55,0
44.8,68.47,0,3,4.16,0
37.1,73.15,0,1,6.12,0
1.7,61.51,1,3,3.29,0
27.0,47.76,2,2,10.09,1
52.4,33.28,1,3,2.87,0
16.5,85.82,1,2,2.19,1
35.1,50.41,2,5,1.95,0
7.8,146.49,1,2,3.58,0
3.6,42.85,0,5,0.56,0
51.9,38.57,3,1,4.59,0
13.1,82.75,1,1,0.19,0
17.2,108.23,0,1,4.32,0
8.6,71.61,1,3,1.3,0
16.6,84.31,1,5,3.24,0
8.4,23.91,0,1,5.21,0
1.4,53.06,4,4,8.61,0
47.9,43.16,1,4,1.84,0
4.5,22.62,1,2,3.7,0
9.2,72.92,1,2,2.55,0
46.7,13.93,3,5,2.26,0
26.3,36.95,1,4,2.57,0
20.9,56.57,1,2,5.65,0
52.1,49.22,0,5,3.02,0
4.3,79.91,1,3,8.5,0
16.0,77.64,1,1,4.83,0
15.1,92.34,3,5,1.98,0
83.8,88.81,1,5,3.27,0
41.4,98.52,0,3,2.4,0
5.3,69.95,0,4,5.6,0
4.0,77.59,1,2,0.72,0
11.1,82.79,1,5,1.32,0
5.3,73.54,1,2,2.82,1
11.2,60.07,0,2,5.37,0
2.7,61.69,1,3,6.47,0
21.6,49.56,1,2,6.76,0
5.4,80.54,1,4,5.06,0
5.9,67.65,0,4,3.83,0
96.3,53.42,0,3,5.59,0
40.6,53.44,1,4,1.71,0
51.4,39.74,1,3,0.31,0
1.6,94.47,1,5,4.87,0
7.3,71.97,2,2,1.99,0
11.2,48.43,0,4,3.87,0
42.0,90.21,3,3,4.24,1
22.7,55.99,1,5,4.5,0
0.1,34.84,0,2,5.88,0
8.1,95.53,2,1,5.66,0
40.5,56.57,1,5,4.39,0
120.0,59.78,1,5,3.12,0
10.1,71.03,0,4,4.22,0
15.1,98.56,2,3,2.81,1
22.4,70.5,0,3,3.61,0
15.0,40.02,4,4,9.24,1
39.9,83.6,4,4,4.36,0
53.1,57.88,0,2,4.9,0
5.1,117.2,1,1,2.59,1
19.0,69.97,0,1,6.04,0
2.7,14.12,2,2,5.52,0
4.2,78.93,4,4,5.53,0
15.2,118.61,1,3,4.43,0
8.8,109.4,0,4,6.07,0
2.2,115.77,0,3,6.54,0
18.0,44.51,5,2,4.57,0
32.2,92.8,3,4,3.77,0
31.4,51.95,0,4,5.79,0
9.1,75.61,1,5,2.19,0
18.5,38.18,1,5,2.56,0
5.3,53.89,0,2,3.89,1
6.3,53.09,0,4,0.52,0
9.3,92.46,3,2,5.66,0
68.3,90.02,0,5,2.07,0
12.9,76.92,1,4,3.06,0
21.2,36.24,0,5,3.57,1
18.4,62.21,3,2,4.08,0
33.1,51.35,1,1,3.31,0
70.1,91.74,0,1,3.87,0
10.2,99.45,1,3,3.88,0
31.6,96.41,2,5,3.11,0
9.7,51.12,0,4,2.45,0
49.6,10.0,0,5,6.16,0
3.6,25.83,0,3,0.0,0
3.5,105.54,3,5,3.59,0
18.0,59.97,1,5,3.06,0
2.1,51.23,1,2,4.84,0
7.8,111.07,2,5,1.09,0
18.7,101.63,0,1,3.0,0
7.3,70.61,0,3,3.8,0
63.5,62.66,1,3,6.14,0
18.8,66.7,0,2,4.66,0
15.5,75.68,0,5,1.63,0
17.9,110.0,2,4,3.03,1
30.4,80.56,1,1,5.77,0
8.7,88.15,1,1,1.6,1
33.9,99.23,0,1,3.84,0
61.2,40.76,1,2,3.98,0
49.0,88.87,0,1,3.23,0
17.4,62.64,2,2,9.39,0
5.8,10.0,1,4,3.17,0
7.9,16.8,0,5,4.9,0
38.6,44.55,0,4,2.47,0
22.2,83.28,3,3,5.06,0
9.5,72.84,0,4,5.74,0
0.8,74.61,2,5,2.82,0
47.3,118.77,1,1,3.89,0
4.0,38.27,3,5,2.21,1
14.3,69.31,1,4,1.71,0
7.5,77.61,1,2,6.07,0
10.1,51.59,0,3,2.89,0
1.9,70.71,1,3,0.0,0
8.0,30.0,2,1,7.53,0
60.1,105.25,1,2,2.4,0
14.5,52.96,1,2,3.51,0
14.0,120.79,0,1,7.28,0
21.3,69.19,1,3,3.72,0
10.5,95.7,1,3,3.67,0
9.5,68.67,1,2,1.54,0
0.5,69.23,0,1,0.73,0
37.6,55.4,1,5,3.67,1
29.1,72.98,0,4,4.73,0
12.2,77.95,2,3,4.61,1
23.6,50.39,1,4,3.04,0
12.2,66.87,1,2,4.04,0
2.9,54.75,0,2,0.33,1
3.8,127.49,1,4,4.92,0
80.1,67.76,0,4,4.32,0
30.4,108.63,0,4,7.95,0
10.7,65.11,2,3,4.01,0
34.0,76.48,1,1,2.11,1
17.4,36.97,4,4,3.9,0
37.0,58.82,0,4,3.34,0
26.3,75.26,1,3,4.87,0
33.8,109.65,1,2,4.05,0
0.1,75.55,0,5,1.48,1
103.3,104.59,3,2,0.73,0
1.1,86.02,3,2,4.53,1
12.0,110.69,1,4,6.77,0
3.2,68.52,2,3,4.16,0
5.2,129.76,1,3,5.63,0
12.6,57.87,2,4,6.03,0
10.6,50.84,1,2,4.53,0
69.4,39.75,1,1,2.37,0
11.7,128.28,2,1,4.39,0
72.2,90.49,0,5,6.41,0
21.0,61.65,2,3,5.06,0
12.0,101.23,3,3,5.5,0
21.9,87.19,0,2,3.07,0
20.8,119.15,1,4,3.6,0
7.2,31.3,2,5,3.76,0
7.0,63.37,2,4,3.9,0
55.0,58.44,1,3,6.34,0
1.9,20.66,0,3,0.0,0
17.4,96.51,0,5,4.06,0
73.3,63.24,1,5,3.84,0
9.2,88.49,0,2,1.26,0
40.4,128.99,0,5,5.34,0
8.9,61.17,1,5,2.55,0
75.0,59.47,1,5,3.29,0
3.6,72.97,1,1,7.7,0
12.7,94.68,0,1,6.02,0
17.3,55.83,2,2,5.15,0
32.8,54.23,1,4,4.76,0
20.6,96.43,0,1,3.67,1
36.8,79.47,1,1,8.0,0
3.7,18.88,1,1,5.6,0
38.3,39.37,1,1,2.5,0
59.0,107.53,1,5,1.2,0
34.4,80.05,3,4,5.13,0
9.2,50.95,1,4,3.89,0
5.5,65.74,1,2,1.14,0
7.6,70.33,3,4,4.86,0
3.1,88.39,0,4,3.46,0
26.3,36.04,1,3,5.06,0
19.1,48.98,0,5,4.88,0
19.2,76.82,3,3,2.78,0
23.2,67.5,1,2,5.27,1
55.0,84.3,1,4,3.0,0
1.6,39.26,3,5,3.13,0
12.2,78.93,1,5,2.94,0
5.9,97.29,1,3,6.26,0
29.8,82.17,0,3,3.44,0
51.0,73.48,2,5,6.74,0
8.1,67.6,0,4,7.57,0
15.1,49.13,1,3,2.52,0
1.2,68.2,0,2,0.0,0
15.2,101.49,1,5,6.09,0
8.9,67.02,1,5,3.32,0
23.3,47.75,0,1,2.27,0
16.1,57.69,1,1,2.82,0
38.7,75.02,2,1,3.17,0
13.3,60.66,1,2,6.59,0
15.3,82.13,1,1,4.32,0
44.9,83.07,2,5,6.57,0
13.9,92.22,2,5,4.99,0
23.7,105.59,4,1,3.38,1
6.1,94.9,3,5,3.22,0
34.1,46.64,1,1,5.12,0
24.8,47.41,1,4,5.64,0
25.8,68.11,0,2,5.99,0
27.1,58.72,1,1,3.48,0
22.6,41.54,2,3,4.35,0
1.9,58.96,1,5,5.17,0
8.8,58.14,2,5,3.23,0
50.3,53.2,2,1,1.73,1
42.1,62.11,2,5,2.39,0
41.3,99.46,0,2,3.52,0
70.4,74.98,2,3,5.32,0
20.1,131.8,1,1,6.52,0
18.7,74.26,2,5,1.29,1
16.6,62.75,0,4,2.81,0
1.6,70.1,2,4,3.28,0
17.7,76.41,2,4,5.59,1
31.9,80.88,1,5,2.94,0
7.9,121.92,0,1,3.14,0
53.6,48.87,4,2,1.18,0
24.1,91.48,0,1,4.97,0
28.7,75.19,3,3,3.68,0
22.6,30.72,4,3,2.69,1
40.9,89.27,0,1,3.48,0
14.9,101.69,1,4,6.25,0
18.8,48.57,2,1,1.99,0
6.6,69.78,1,4,2.32,0
17.4,26.87,1,4,6.5,0
6.5,38.53,2,5,4.15,0
43.3,96.2,0,1,5.34,0
20.5,58.34,3,5,4.8,0
20.1,42.28,2,3,3.93,0
38.4,75.74,0,5,3.3,0
6.0,56.94,0,4,5.66,0
6.2,58.23,1,4,6.32,0
74.0,88.48,2,1,6.17,0
22.0,40.96,2,4,1.63,1
20.3,47.37,1,3,6.61,0
0.4,73.85,0,5,3.28,0
11.9,94.24,1,4,2.49,0
55.4,100.95,0,1,3.66,0
40.1,53.37,1,5,5.66,0
12.3,93.43,0,1,5.08,0
25.3,50.4,3,2,3.49,0
11.2,115.66,2,2,5.68,0
14.5,41.66,0,5,4.28,0
10.4,103.21,0,1,2.85,1
5.9,53.59,1,5,2.58,1
18.9,120.33,2,2,4.82,0
16.2,84.78,1,4,3.83,0
73.8,44.6,0,1,1.25,0
2.8,56.94,3,2,5.69,0
14.4,89.53,0,4,3.04,1
34.6,96.32,1,4,7.18,0
17.5,68.23,2,5,1.19,1
63.7,71.12,2,5,3.64,0
11.7,88.96,0,3,2.6,0
4.0,73.29,0,2,2.05,0
51.6,37.66,0,2,3.03,0
1.7,49.68,1,5,7.54,0
13.4,75.88,0,4,4.29,0
10.0,100.39,1,5,2.42,0
22.1,110.4,0,3,0.34,0
31.2,89.49,2,3,0.56,0
15.4,77.18,1,5,2.93,1
45.2,88.72,2,4,2.73,0
1.1,53.33,3,2,3.55,1
9.4,66.17,0,3,0.0,1
21.0,49.4,2,2,3.82,0
11.4,38.78,1,4,6.06,0
3.7,78.34,0,1,7.25,0
5.5,74.64,1,5,0.21,0
12.1,87.19,2,5,2.4,0
10.1,83.65,2,1,2.29,0
31.4,76.07,0,4,4.29,0
28.4,83.92,2,1,1.56,0
26.9,68.93,2,2,7.36,0
23.3,80.32,3,2,4.09,1
33.5,51.85,3,3,3.75,0
71.0,79.24,0,5,7.19,0
8.4,86.71,2,3,3.97,0
51.7,53.26,1,2,4.8,0
0.4,71.3,2,1,2.5,1
72.9,54.41,2,5,1.26,0
2.5,56.84,1,2,2.78,0
2.9,41.88,1,3,8.37,0
13.7,101.64,2,1,5.27,0
4.0,96.64,1,2,4.55,0
0.3,83.44,1,3,2.05,0
0.0,119.3,1,5,5.82,0
8.0,65.27,1,2,1.28,1
41.9,145.79,3,3,0.87,0
3.1,64.31,1,5,2.88,0
22.0,76.38,2,2,7.91,0
41.4,60.06,0,2,7.8,0
5.2,79.31,0,1,3.1,0
8.2,90.89,1,5,2.65,0
120.0,67.15,2,1,0.72,0
29.0,114.42,0,2,4.16,0
17.3,75.98,1,1,4.32,0
44.7,76.76,1,4,5.58,0
2.6,47.28,0,2,5.82,0
37.1,80.46,2,4,3.61,0
32.8,66.65,0,4,5.11,0
10.9,54.79,1,1,2.6,0
8.7,50.59,0,2,5.07,1
19.8,136.79,2,1,2.99,0
34.8,63.41,1,1,4.92,0
38.5,33.58,0,3,4.76,0
54.3,52.54,1,2,4.14,0
4.8,68.71,2,1,5.59,0
6.6,83.67,2,3,0.86,0
32.4,83.87,1,3,1.87,0
4.8,86.92,2,5,3.46,0
0.2,53.88,1,4,1.11,1
5.7,78.51,1,2,3.19,0
8.7,48.1,0,3,3.25,1
8.8,54.51,2,1,6.62,0
27.0,47.06,1,2,4.29,0
24.4,40.29,1,3,6.06,0
14.2,96.61,0,1,4.6,0
31.2,87.22,2,5,2.93,0
16.1,94.42,1,3,4.27,0
25.1,70.98,3,4,5.46,0
75.5,89.42,2,2,6.39,0
34.0,25.97,1,5,3.74,1
7.5,91.58,5,2,0.7,1
4.1,74.43,0,5,0.56,0
68.2,85.68,1,3,3.35,0
25.9,79.5,0,4,0.0,0
42.9,45.32,3,2,7.59,0
20.9,32.55,2,5,5.19,0
20.9,52.2,2,1,2.73,0
120.0,84.12,0,1,1.78,0
59.6,87.25,0,3,6.06,0
1.6,35.8,1,5,1.77,0
4.5,45.47,0,5,1.96,0
10.7,51.92,0,5,2.47,1
10.2,61.07,0,3,4.23,0
4.7,35.95,1,5,5.24,0
26.6,34.45,1,3,6.39,0
13.3,49.45,0,3,6.09,0
52.1,72.16,0,1,4.0,0
10.5,40.49,1,4,6.04,0
17.9,67.1,1,2,2.66,0
13.1,96.46,1,1,0.36,0
25.5,37.46,2,2,2.66,0
6.9,64.84,0,4,2.39,0
42.4,95.62,1,2,2.74,0
82.1,59.54,0,2,2.08,0
1.7,55.66,1,2,3.08,1
0.1,99.09,3,3,5.24,0
12.8,62.34,2,4,7.43,0
18.6,97.61,3,4,0.55,0
31.1,80.72,0,1,1.42,0
12.8,61.43,2,2,2.42,0
14.9,81.99,0,4,5.53,0
22.3,78.01,1,2,3.59,0
12.1,95.52,1,1,2.55,0
81.9,56.29,0,2,5.43,0
1.6,71.03,0,4,5.91,0
2.9,68.46,0,4,3.96,0
17.9,87.6,1,1,2.37,0
7.4,44.37,3,4,4.54,0
41.5,95.42,1,1,3.53,0
10.2,81.66,3,4,3.52,0
5.5,37.08,1,3,2.98,0
4.2,100.21,0,1,5.85,0
23.2,125.85,1,2,4.5,1
4.3,95.05,2,5,6.07,0
13.6,105.67,0,3,6.67,0
27.4,72.13,2,4,4.92,0
31.0,28.46,1,4,2.99,0
11.5,23.9,1,1,6.08,0
1.1,76.38,2,5,4.93,0
10.8,55.2,2,2,9.21,0
13.0,47.14,2,4,4.62,0
14.9,68.43,2,3,5.4,0
6.6,85.39,1,3,4.58,1
101.0,33.68,1,2,3.8,0
33.2,58.78,3,5,3.48,1
2.3,107.75,1,1,4.59,0
2.0,43.12,2,5,5.04,1
14.3,91.74,2,2,6.31,0
38.4,57.88,1,5,4.62,0
2.1,83.64,0,1,3.07,1
38.7,97.43,2,1,3.35,0
25.7,88.53,0,1,1.35,0
40.1,92.73,1,3,7.32,0
41.5,41.21,3,2,2.92,0
33.3,97.84,2,3,5.93,0
22.7,48.68,1,5,4.55,0
50.2,76.49,1,1,4.61,0
24.0,76.46,1,3,3.77,0
20.4,82.13,0,4,2.42,0
18.0,78.42,0,3,2.06,1
33.6,48.9,3,5,7.46,0
8.4,36.25,2,4,4.23,0
103.0,91.81,1,1,6.25,0
38.6,74.65,2,3,6.77,0
4.3,98.73,1,2,3.18,1
30.5,68.88,0,1,4.85,0
31.7,34.87,0,5,4.09,0
3.1,94.15,0,2,1.69,0
13.5,60.74,0,1,3.63,0
8.2,78.55,2,2,5.18,1
4.8,53.81,1,5,3.0,0
7.1,111.11,0,3,3.35,0
32.9,48.09,3,5,3.65,0
16.9,61.56,2,3,8.22,0
8.4,72.69,0,1,0.33,0
5.5,42.7,0,2,5.0,0
43.3,78.26,3,1,3.49,0
14.8,110.3,2,3,2.72,0
29.0,57.74,2,2,3.44,0
13.3,79.88,1,5,5.33,0
7.2,10.0,2,2,5.45,0
33.6,69.03,1,2,4.37,0
17.4,62.17,1,5,6.19,0
24.8,49.54,1,3,6.54,0
45.4,97.04,1,1,5.63,0
61.8,61.84,2,3,2.91,0
30.6,65.56,3,2,4.99,0
23.4,60.57,1,4,5.0,0
38.2,22.08,2,3,2.37,0
7.8,41.7,1,4,0.86,0
9.3,94.03,1,5,0.0,1
31.4,17.25,1,4,4.14,0
9.3,50.84,1,2,4.6,0
9.1,60.01,4,2,1.64,1
51.0,113.59,1,3,6.09,0
40.6,89.22,0,3,4.3,0
9.6,56.07,1,2,6.7,0
14.5,102.61,1,5,4.74,0
41.8,51.49,1,5,1.87,0
2.4,95.23,0,2,4.92,0
30.6,36.03,3,4,5.34,0
4.5,96.83,0,5,2.9,0
46.9,59.85,2,1,1.12,0
15.4,44.29,3,2,4.2,0
4.2,64.57,1,4,2.0,0
0.0,76.93,2,3,6.24,1
0.8,57.63,0,4,3.19,0
9.5,83.85,5,3,7.45,0
36.9,55.43,1,1,0.0,0
0.9,85.51,0,3,4.27,1
32.1,81.06,0,3,6.86,0
53.7,68.48,1,5,2.22,0
10.3,58.97,3,1,3.68,0
32.1,73.79,1,1,3.19,0
0.4,83.76,1,1,2.63,0
3.1,121.54,1,3,4.49,1
6.9,93.49,0,5,1.41,1
13.3,94.4,0,4,3.78,1
29.7,147.21,1,5,5.03,0
41.7,82.9,1,5,3.57,0
11.4,82.12,1,4,2.0,0
17.3,87.6,0,4,6.06,0
96.4,44.78,2,2,5.46,0
19.0,58.9,1,5,1.92,0
12.8,57.35,1,4,1.41,0
41.4,86.19,1,5,2.1,1
120.0,65.65,1,5,5.09,0
13.0,73.46,0,2,4.55,0
26.5,97.19,0,1,5.58,0
59.1,91.58,1,5,3.35,0
10.7,65.96,4,3,2.15,0
14.1,53.25,2,5,5.84,0
18.7,98.38,1,4,2.89,0
20.6,89.35,0,2,4.37,0
32.1,29.84,0,2,0.9,0
28.8,62.17,0,4,2.86,0
13.1,74.14,1,2,6.02,0
61.6,89.47,2,2,2.57,0
13.7,92.75,2,2,5.63,0
6.5,77.1,2,4,0.0,0
23.5,84.63,2,1,2.88,0
44.0,71.6,2,1,3.66,0
7.5,53.15,3,1,7.49,0
21.5,63.47,1,4,1.66,0
9.6,70.47,3,1,5.34,0
0.8,69.13,1,3,6.11,1
6.7,22.86,0,1,2.56,0
28.1,60.06,0,3,3.25,0
33.7,71.41,1,1,4.28,1
6.4,62.97,1,1,1.04,0
23.9,63.83,2,3,3.09,0
13.5,82.2,3,4,6.55,1
22.3,43.03,0,1,5.05,0
0.9,29.3,0,3,3.69,0
3.8,61.3,2,5,4.23,0
5.2,89.1,1,4,5.16,0
8.2,112.19,3,4,5.54,1
13.1,89.55,3,2,2.89,0
13.7,33.29,2,5,7.07,0
13.4,64.19,0,1,6.63,0
3.4,76.42,1,4,5.35,1
69.4,74.44,2,3,2.31,0
10.1,83.48,1,1,1.96,0
19.3,47.07,0,5,3.35,0
47.6,71.62,2,4,4.12,0
3.3,80.51,2,2,0.46,0
20.1,90.64,1,1,4.99,0
11.9,49.86,2,4,6.57,0
40.3,61.37,1,3,5.15,0
15.8,10.0,4,1,2.65,0
10.4,54.46,1,5,2.41,1
0.3,56.89,2,4,4.6,0
64.8,44.51,0,3,3.69,0
2.7,74.14,0,2,4.89,0
23.5,68.6,0,2,5.2,0
8.9,13.52,0,3,6.18,0
79.1,75.39,4,1,1.74,0
4.0,46.79,2,2,4.44,0
65.0,82.14,3,2,3.27,0
99.3,37.95,3,1,3.8,0
7.6,70.75,0,1,5.73,0
2.7,62.92,1,2,5.95,0
25.5,77.58,1,2,6.8,0
7.3,73.12,1,2,4.85,0
9.4,63.62,2,4,3.78,0
32.5,31.59,0,3,3.49,0
50.9,33.07,3,1,0.53,0
22.3,55.4,1,5,6.68,0
39.4,69.79,2,4,3.36,0
2.9,54.79,2,3,5.01,0
60.1,85.63,0,1,5.36,0
3.3,63.02,0,5,1.51,0
2.9,45.87,0,4,2.15,1
7.3,63.05,0,3,7.09,0
18.0,75.65,1,1,4.58,0
4.4,78.12,4,1,2.84,1
61.8,116.96,0,2,3.75,0
6.1,53.28,0,2,6.17,0
51.5,68.16,3,2,5.87,0
59.9,80.65,1,3,1.07,0
13.6,69.41,1,1,7.27,0
53.9,57.48,1,2,5.93,0
40.0,31.27,0,5,3.7,0
12.5,57.23,2,5,1.62,0
40.3,43.16,1,1,6.11,0
27.7,26.83,0,4,4.95,0
8.0,50.11,0,5,1.08,0
89.2,43.82,0,3,3.54,0
23.3,84.59,0,2,10.25,0
44.8,85.03,2,3,4.03,0
13.5,47.4,2,2,2.52,0
25.7,63.49,1,2,1.98,0
6.8,23.54,1,5,7.54,0
8.8,57.64,2,4,5.7,0
34.4,79.97,1,3,6.81,0
48.8,90.62,4,1,4.5,0
98.4,52.17,3,5,6.51,0
16.8,96.3,0,1,2.3,0
0.7,32.11,1,4,4.33,0
4.4,38.81,3,2,4.57,0
4.6,87.74,0,2,6.76,0
80.1,111.78,1,1,4.64,0
9.0,82.34,0,2,2.75,1
9.3,68.99,0,4,4.13,0
65.1,15.12,1,3,0.65,0
19.0,19.44,1,1,0.0,0
10.4,73.24,0,2,5.66,0
0.8,61.05,0,1,3.25,0
2.4,42.35,2,3,3.48,0
5.9,71.64,0,5,5.66,0
6.4,72.88,3,5,6.79,1
14.6,93.61,2,5,5.07,0
21.7,73.42,1,1,7.86,0
6.7,100.71,1,3,5.01,1
20.8,70.2,0,1,4.6,0
13.5,67.12,2,3,4.48,0
42.7,96.61,2,3,1.43,0
18.4,45.54,1,4,5.91,0
16.8,140.36,1,2,0.0,1
11.6,79.38,0,1,2.83,0
16.0,79.52,1,3,4.05,0
8.8,83.13,1,3,2.42,0
6.9,116.93,0,4,3.1,0
20.8,89.81,1,1,7.68,1
9.7,29.87,1,4,6.21,0
9.3,105.09,1,3,2.63,0
76.6,61.48,2,4,3.06,0
27.8,72.68,3,5,1.45,0
12.2,38.02,4,2,5.41,0
26.6,83.16,2,4,3.5,0
43.2,53.72,0,1,0.07,0
95.0,72.5,1,5,4.2,0
20.0,62.9,3,3,4.88,0
1.4,118.13,1,4,5.93,0
17.2,119.56,1,4,3.85,0
2.1,71.16,1,4,3.25,0
82.0,71.6,2,2,7.97,0
3.8,60.66,0,4,4.01,0
1.7,97.65,0,3,5.44,0
55.5,61.78,2,4,2.92,0
13.8,59.47,0,4,5.38,0
17.3,94.46,1,3,1.09,0
14.0,56.54,1,1,3.08,0
63.7,69.06,1,2,1.58,0
20.9,30.47,1,5,2.79,0
15.4,87.6,2,3,6.5,0
2.7,118.52,1,4,2.78,0
70.3,88.03,2,2,5.44,0
6.3,106.54,3,4,7.03,1
66.3,48.85,1,3,3.94,0
1.2,75.91,2,2,5.99,0
49.0,46.42,1,1,5.06,0
13.5,64.31,0,2,4.23,0
104.0,89.31,2,3,5.5,0
42.6,72.55,3,2,7.68,0
3.1,34.68,2,2,2.73,0
3.3,37.12,0,2,2.08,0
9.4,35.47,0,2,1.96,0
84.1,82.29,0,4,5.99,0
21.5,121.6,1,3,6.26,0
21.2,104.06,1,3,2.93,0
42.8,22.6,0,1,0.0,0
29.5,105.53,1,3,2.65,0
28.5,93.41,1,5,5.1,0
46.0,31.37,0,4,3.87,0
20.4,62.42,0,3,4.36,0
31.7,97.39,1,2,2.95,0
11.9,83.76,1,2,6.03,0
18.1,37.27,2,1,4.69,0
23.3,85.27,1,1,5.17,0
12.0,16.56,2,4,4.32,0
41.4,64.43,2,5,5.05,0
57.2,98.45,2,5,4.92,0
4.4,70.46,2,4,2.14,0
44.1,57.53,1,5,4.75,0
1.6,92.23,2,3,5.58,1
5.7,94.37,0,2,6.31,0
20.3,102.75,3,2,4.83,0
46.4,91.86,1,2,2.07,0
87.7,97.03,1,4,2.38,0
25.0,88.32,2,1,3.13,0
1.4,76.64,1,5,4.38,0
36.6,72.24,0,4,3.76,0
5.6,64.07,2,2,1.75,1
6.0,39.69,2,4,1.74,0
2.3,46.12,1,1,0.0,1
15.9,62.95,0,3,0.0,0
9.7,76.04,0,1,3.74,0
49.1,106.02,3,1,8.64,0
30.3,68.96,1,1,7.59,0
10.5,95.09,1,4,2.04,0
8.7,96.98,1,4,4.3,0
17.2,64.21,3,5,1.07,0
6.9,84.87,2,5,1.38,0
1.2,63.91,2,5,1.61,0
10.6,103.05,1,5,3.55,0
6.9,85.9,0,1,3.64,0
31.4,40.24,1,4,4.51,0
25.4,74.04,1,4,5.33,0
6.2,111.2,0,1,3.33,0
47.8,65.47,1,1,4.07,0
19.8,81.19,1,5,1.81,1
72.3,83.65,3,5,1.31,0
35.7,44.08,0,2,1.0,0
55.7,82.77,0,1,5.3,0
76.3,35.15,2,2,3.32,0
12.4,54.36,2,1,0.26,0
26.4,96.89,0,4,3.87,0
4.2,78.92,1,2,1.5,0
6.7,62.39,2,1,7.32,1
5.5,81.16,2,5,2.84,0
14.8,68.5,1,5,5.36,0
29.9,70.31,2,5,6.18,0
20.3,86.42,1,5,2.09,0
0.7,51.82,1,1,4.15,0
5.8,71.01,1,4,5.11,0
30.0,62.19,0,4,4.23,0
24.4,30.36,0,4,4.72,0
7.7,46.99,0,2,1.34,0
8.8,109.21,0,2,5.11,0
36.2,79.62,2,5,3.03,0
17.6,36.91,1,1,4.7,0
21.8,31.49,0,4,5.84,0
13.7,67.2,0,4,5.34,0
32.7,109.03,2,4,4.7,0
53.5,65.33,2,3,5.28,0
80.5,102.67,0,4,5.38,0
27.0,78.8,0,5,6.99,0
12.4,81.78,3,4,3.93,1
3.8,36.61,3,1,4.33,1
0.9,93.44,0,2,5.86,0
74.2,61.63,0,2,3.02,0
32.4,91.58,2,2,1.33,0
11.9,49.65,1,2,4.99,1
22.9,74.43,1,2,3.59,0
45.3,78.8,0,4,1.58,0
93.3,66.15,2,1,5.0,0
5.3,80.11,0,4,6.86,1
21.8,63.34,0,4,0.74,0
38.2,53.77,0,5,6.04,0
111.6,110.14,0,1,0.0,0
34.1,96.22,0,2,3.2,0
23.4,50.98,3,5,7.68,0
27.7,84.21,2,3,3.34,0
8.5,51.43,1,3,4.18,0
27.6,40.38,1,1,5.53,0
47.6,95.85,1,4,0.57,0
7.4,27.4,3,2,4.14,0
64.6,93.17,2,5,4.13,0
2.6,63.68,3,2,7.72,0
11.7,64.71,2,1,1.53,1
4.3,80.24,0,3,3.24,0
2.1,84.53,0,3,2.14,1
88.2,49.34,0,3,1.93,0
7.6,87.94,2,5,6.25,0
17.3,72.83,1,2,4.05,0
23.6,38.6,3,2,2.89,1
3.4,65.75,1,4,2.96,0
8.3,104.53,0,1,2.87,0
7.8,111.91,1,5,3.05,0
8.9,87.93,1,2,1.47,0
15.8,40.24,4,2,3.48,0
9.7,82.27,0,1,3.28,0
40.4,91.27,2,2,2.48,0
17.3,88.14,1,3,4.31,0
12.6,89.62,0,4,4.48,0
6.2,79.08,1,5,2.89,0
34.5,68.19,3,4,3.71,0
11.7,54.79,1,2,8.32,1
11.8,22.55,2,5,8.24,0
79.9,78.49,0,1,1.89,0
1.4,74.65,2,2,2.17,0
12.6,83.94,0,2,1.88,0
22.2,36.56,0,3,6.11,0
33.1,86.13,2,2,3.2,0
31.8,121.36,1,5,4.48,0
7.8,71.96,1,2,7.99,0
0.2,68.46,1,2,3.98,1
26.5,77.73,0,4,5.41,0
21.4,120.81,2,3,5.04,0
2.2,44.41,3,3,2.82,1
17.0,75.08,1,5,6.12,0
4.9,50.01,0,3,2.3,0
2.9,56.32,0,1,6.68,0
20.5,68.76,0,4,2.83,0
26.9,103.68,3,4,3.04,0
23.2,115.02,2,2,1.82,0
8.8,81.2,2,5,2.15,1
22.2,60.59,2,2,3.15,0
14.7,132.32,1,1,0.0,0
17.3,59.31,4,1,3.53,0
30.6,55.72,2,4,2.98,0
21.7,25.63,2,2,5.58,0
23.9,104.9,2,3,4.85,0
39.4,94.21,0,4,2.58,0
11.1,130.45,0,5,3.08,1
17.8,35.26,1,3,3.53,0
24.9,106.45,0,5,6.97,0
42.7,71.75,0,2,2.36,0
7.1,90.15,0,5,2.56,0
35.2,28.81,2,2,1.74,0
7.7,106.7,0,1,1.04,0
9.5,89.66,0,4,4.61,0
13.2,69.03,0,4,4.41,0
2.8,86.13,1,5,6.57,0
51.8,50.86,2,5,6.08,0
47.4,55.51,1,1,8.79,0
73.7,58.41,0,4,3.85,0
21.6,23.68,2,4,3.48,0
27.3,91.54,2,4,1.4,0
8.5,99.79,1,1,5.39,0
0.7,52.47,0,1,4.24,0
31.9,78.71,0,4,5.3,0
5.3,63.36,2,5,1.72,1
6.9,78.21,0,1,4.7,0
119.5,54.31,2,1,4.41,0
4.0,47.91,1,3,4.28,0
2.2,96.3,2,2,2.63,0
1.9,68.4,0,5,6.38,0
25.6,120.55,1,5,8.1,0
10.7,71.16,1,3,1.78,1
9.7,46.85,5,5,5.44,0
19.1,100.67,1,2,0.0,0
2.6,85.77,2,5,5.34,0
3.4,88.17,0,3,0.26,1
59.8,99.77,1,3,2.95,0
50.9,53.68,1,1,1.37,0
19.9,66.82,2,1,3.57,0
58.8,65.71,0,1,5.68,0
1.9,37.73,2,3,0.29,1
19.4,63.41,2,1,3.28,0
27.4,103.41,3,1,2.97,0
44.5,75.93,1,4,7.16,0
20.6,36.35,4,5,4.86,0
20.2,31.1,3,1,1.65,0
8.3,111.62,1,3,3.06,1
26.4,67.74,3,5,7.11,0
3.3,53.81,2,3,5.43,0
46.9,63.15,3,1,2.16,0
16.3,33.07,1,1,3.47,0
2.7,105.58,0,5,3.53,0
8.6,60.17,1,3,2.92,0
15.0,104.19,2,1,0.58,1
84.2,71.29,2,5,2.64,0
27.1,105.74,2,5,6.78,0
37.7,76.42,0,4,3.24,0
111.1,91.33,2,1,3.79,0
32.9,87.98,1,1,4.28,0
1.8,85.58,1,2,8.44,0
29.7,78.7,2,1,4.02,0
35.6,64.18,0,3,6.19,0
9.1,117.89,1,2,2.8,1
4.2,47.33,2,4,3.48,0
19.6,70.11,1,1,4.03,0
120.0,70.37,0,4,2.45,0
36.8,80.06,3,5,3.59,0
49.2,59.26,1,1,5.78,0
35.5,77.87,3,4,2.4,0
10.2,65.78,2,3,4.0,0
23.0,30.45,3,1,5.42,1
70.4,70.24,2,2,2.35,0
8.6,42.49,1,4,6.19,0
1.4,26.64,5,5,4.15,0
120.0,73.42,1,2,3.67,0
12.0,82.2,2,1,0.0,0
111.2,83.17,1,2,3.25,0
21.5,84.18,0,5,4.74,0
19.8,21.69,1,3,7.49,0
25.4,35.97,0,3,5.14,0
20.8,119.34,0,1,6.25,0
78.9,43.82,1,4,1.58,0
13.0,85.27,1,3,3.75,0
4.0,52.83,1,3,6.44,0
47.0,71.99,1,5,2.22,0
27.6,54.17,1,3,5.93,0
0.9,84.04,1,5,5.47,0
27.4,73.42,1,3,4.55,0
40.0,58.79,1,2,3.34,0
9.2,43.75,2,5,2.03,0
12.7,76.69,0,4,7.55,0
3.1,39.68,0,4,5.26,1
8.2,80.69,3,2,4.68,0
27.1,135.66,0,4,3.17,0
0.8,103.75,1,3,4.08,0
36.0,87.96,2,1,4.33,0
69.8,67.86,0,2,4.8,0
2.8,21.53,0,5,5.47,0
14.0,36.94,1,3,2.44,0
5.7,102.07,1,4,1.07,0
15.9,50.26,1,1,4.17,0
38.1,52.52,2,2,0.51,0
25.7,65.86,1,5,3.35,0
12.6,43.45,1,3,2.98,0
5.1,39.33,3,5,4.98,0
96.9,68.74,2,5,7.97,0
7.4,47.71,0,2,0.11,0
8.7,51.47,2,5,8.55,0
0.1,50.47,3,4,3.53,0
106.8,83.06,0,1,4.7,0
36.5,64.2,0,1,1.17,0
47.8,65.54,1,1,5.99,0
46.5,84.92,2,4,4.08,0
12.8,66.45,0,1,3.88,0
14.2,63.04,1,2,0.13,1
40.3,81.76,1,3,4.15,0
30.8,86.7,2,1,5.69,1
2.0,66.32,0,2,3.53,0
16.6,72.02,0,4,6.35,0
78.5,50.46,2,5,6.27,0
22.2,48.48,0,3,2.72,0
24.3,89.23,1,4,7.19,0
7.4,81.12,2,3,4.09,0
96.7,81.38,1,3,4.1,0
58.7,77.02,2,3,4.2,0
17.2,71.16,2,5,4.14,0
10.6,87.41,2,1,0.0,0
7.8,93.38,1,3,3.63,0
12.6,92.78,1,1,1.27,0
4.0,67.48,2,5,7.25,0
6.7,104.67,0,4,7.17,0
1.2,75.71,1,1,5.7,0
47.3,85.81,1,4,3.52,0
2.1,77.05,2,3,1.98,1
1.3,76.18,1,1,2.68,1
46.8,51.61,0,5,7.89,0
18.7,87.53,2,2,2.62,0
31.0,141.13,1,1,0.0,1
41.7,60.63,3,4,6.06,0
16.5,71.77,2,2,7.0,0
32.4,58.84,0,4,7.32,0
17.6,57.8,1,1,6.08,0
91.1,108.61,1,5,6.4,0
40.6,53.18,1,3,4.11,0
8.7,58.15,2,3,0.0,0
17.2,30.31,2,5,4.06,1
5.3,51.06,0,3,5.24,1
30.5,27.29,2,1,3.73,0
6.7,85.8,1,3,3.64,1
17.4,139.99,0,4,2.07,0
18.0,60.83,1,2,2.0,0
19.6,28.33,0,1,7.68,0
6.8,92.5,1,1,7.75,0
17.9,51.83,0,5,3.99,0
45.0,102.48,3,1,4.56,0
7.1,62.95,1,3,2.04,0
10.3,54.2,1,5,5.29,0
29.0,65.55,0,2,7.52,0
5.5,88.94,3,2,0.94,1
72.8,64.31,0,4,4.93,0
34.9,57.58,2,4,5.08,0
35.0,65.03,0,1,5.06,0
30.1,38.2,0,3,7.29,0
8.9,79.93,2,1,8.07,0
14.6,25.33,0,2,3.53,0
17.2,58.9,0,2,5.35,0
18.5,88.98,0,5,4.17,0
33.3,77.58,1,5,2.74,0
9.0,84.76,4,4,4.54,0
14.6,68.37,0,4,5.34,0
83.9,99.24,1,1,4.43,0
68.9,93.12,0,1,2.24,0
8.6,81.15,1,4,3.07,1
26.5,93.19,0,3,3.09,0
6.0,88.76,2,3,2.32,0
9.9,59.01,1,4,4.63,1
9.4,36.4,0,2,4.84,0
25.7,80.51,1,4,5.96,1
63.6,83.65,1,4,2.28,0
15.3,97.26,1,2,2.85,0
72.7,46.59,1,4,7.11,0
53.5,47.34,3,1,3.67,0
18.1,81.5,2,2,4.06,1
27.4,68.22,2,4,3.65,0
23.0,22.86,4,5,6.27,1
43.1,79.38,0,1,6.34,0
21.6,23.69,2,4,6.23,0
17.2,46.37,2,3,4.05,1
22.0,103.79,1,4,2.26,0
20.8,115.62,0,4,7.85,1
7.1,39.61,1,1,5.71,0
0.6,61.77,1,4,3.09,0
12.2,71.07,1,2,6.85,0
10.7,114.53,0,1,2.93,0
120.0,57.68,1,3,6.82,0
20.1,58.08,0,1,6.96,0
21.3,108.72,0,4,2.16,0
26.1,60.63,0,3,5.16,0
28.4,88.06,1,3,5.56,0
4.2,33.07,1,1,9.23,0
15.6,65.72,2,4,2.52,0
2.0,28.51,2,1,6.87,1
0.0,43.61,4,2,4.03,1
17.4,90.98,2,2,1.52,1
95.7,68.75,0,4,3.76,0
15.4,62.02,0,3,4.0,0
1.8,51.28,1,5,1.88,1
8.3,64.48,0,5,4.62,0
4.9,77.53,2,4,5.92,0
31.0,94.57,3,1,4.48,0
9.2,10.0,0,4,2.92,0
24.9,49.21,1,2,3.7,0
13.3,73.98,1,5,3.99,0
24.8,67.53,5,5,4.43,0
23.0,80.08,4,1,6.22,0
52.8,76.69,0,1,4.54,0
8.8,62.38,4,4,1.19,0
10.2,56.83,1,1,2.88,0
15.6,63.86,1,5,4.33,0
17.8,98.72,1,3,6.25,0
5.6,51.7,1,3,6.6,0
19.3,68.43,3,5,7.55,0
32.0,74.58,0,2,4.26,0
7.2,109.01,2,3,5.53,1
51.6,62.49,4,5,1.09,0
42.8,93.97,1,1,4.86,0
39.6,100.8,0,1,1.85,1
33.5,68.41,0,1,3.87,0
25.6,64.73,2,2,10.06,0
15.9,61.77,1,1,4.61,0
26.4,63.6,0,1,2.27,0
46.1,91.36,2,5,4.82,0
13.7,75.78,1,3,2.97,0
4.4,75.88,3,2,2.08,0
75.5,41.87,1,3,8.21,0
62.4,45.81,1,5,6.13,0
10.8,123.59,2,3,4.69,0
12.0,65.55,0,3,3.22,0
37.7,50.63,1,5,3.38,0
14.1,105.78,2,1,7.08,0
14.5,77.05,1,3,4.61,0
19.0,84.45,3,4,0.0,0
6.5,66.55,1,3,8.84,0
20.0,62.03,4,5,4.37,0
5.9,65.76,1,5,4.69,0
10.7,35.43,2,2,6.17,0
8.3,67.8,3,5,4.93,0
1.9,77.4,0,2,5.49,0
50.4,116.26,1,2,3.15,0
9.6,72.15,2,5,1.54,0
8.9,11.65,0,1,4.56,0
120.0,67.65,2,2,6.86,0
21.7,138.49,0,4,2.7,0
1.3,91.66,0,3,2.54,0
13.7,49.73,2,5,6.44,0
10.1,84.78,1,2,3.09,0
15.8,51.45,1,3,3.18,0
5.1,36.15,2,1,3.25,0
4.6,61.29,1,2,3.87,0
2.3,72.29,1,1,0.85,0
31.0,23.2,0,4,2.92,0
0.7,41.27,1,2,4.46,0
37.2,70.26,1,4,4.45,0
4.2,59.8,1,2,6.32,1
34.9,79.87,1,3,7.68,0
30.9,39.63,0,5,7.02,0
26.6,87.85,3,5,5.83,0
0.9,40.41,0,1,3.7,0
10.5,111.07,3,4,2.75,1
25.7,27.11,0,5,4.04,0
0.5,42.69,2,4,5.17,0
9.1,80.43,2,1,5.64,0
12.4,111.61,1,4,5.25,0
50.5,77.88,1,4,3.76,0
6.4,84.07,1,4,5.57,1
5.3,70.44,2,3,6.52,1
82.1,44.34,2,3,5.76,0
11.0,57.75,4,4,3.94,1
11.0,39.7,1,3,2.33,0
34.6,38.03,0,4,2.28,0
29.5,80.04,1,4,2.64,0
13.9,41.92,0,2,4.51,0
23.2,77.99,0,4,5.04,0
9.8,37.45,0,4,1.17,0
28.7,77.41,1,3,2.99,0
3.6,57.78,1,4,4.49,0
3.6,105.17,0,1,2.2,0
10.6,78.09,1,2,4.87,0
0.4,100.89,1,4,3.39,0
6.3,51.11,4,5,2.55,1
17.8,71.4,0,4,4.11,0
10.2,45.47,0,4,4.78,0
3.5,59.66,1,2,2.3,1
120.0,63.45,1,4,3.51,0
47.1,51.85,0,2,4.94,0
7.2,39.61,1,1,2.48,1
44.2,34.66,2,2,0.68,0
61.8,11.51,2,4,0.93,0
33.4,43.59,2,5,3.16,0
1.4,85.69,3,3,1.36,1
20.0,30.04,1,5,3.3,0
17.7,35.8,2,4,7.33,0
18.4,114.77,2,3,1.24,0
2.9,54.09,1,5,3.43,0
30.2,78.03,3,3,8.26,0
51.2,86.06,3,3,4.82,0
2.1,86.56,0,4,3.26,0
7.6,31.94,1,4,3.69,0
0.3,64.22,0,3,4.86,0
41.7,29.54,1,3,7.39,0
115.5,131.16,1,5,2.94,0
0.5,30.13,1,1,2.48,0
54.9,43.8,1,1,1.24,0
14.1,43.98,3,3,4.21,0
69.4,32.58,1,1,1.19,0
90.2,103.81,0,2,3.07,0
38.9,130.56,2,3,2.18,1
3.2,58.11,1,3,6.15,0
19.2,36.99,1,2,2.98,0
4.5,14.08,1,2,4.79,0
113.6,63.9,0,4,0.79,0
15.4,62.09,1,5,4.26,0
6.1,53.72,2,4,1.59,1
8.6,75.53,0,3,3.15,0
81.0,79.88,3,1,8.42,0
2.8,78.08,3,2,5.86,0
31.5,62.1,0,3,3.74,1
53.1,42.46,4,2,10.4,0
12.5,86.65,0,4,2.17,0
26.2,70.31,0,2,6.33,1
19.5,92.21,1,5,0.93,1
14.7,89.75,1,2,3.51,0
12.3,34.46,3,3,1.3,0
1.7,34.14,1,4,4.51,0
8.2,51.11,2,2,4.11,1
4.7,43.59,0,4,3.38,0
14.5,88.88,5,3,6.18,0
33.7,78.78,1,4,2.87,0
6.5,97.48,1,3,4.65,0
7.9,79.91,2,5,5.64,0
9.4,75.22,1,4,1.03,1
37.6,99.99,2,1,2.5,0
47.9,81.74,1,3,4.11,0
3.6,71.7,1,5,5.26,0
56.1,107.01,0,2,6.84,0
36.9,72.88,0,3,3.57,0
2.3,62.39,2,4,3.37,1
26.5,49.05,0,2,2.25,0
21.5,87.58,3,3,4.66,1
17.9,100.93,1,3,3.41,0
1.9,68.74,1,1,3.45,0
25.0,102.7,0,1,3.81,0
18.7,20.75,1,3,5.1,0
7.5,68.61,1,1,2.87,0
14.3,69.0,2,5,2.46,0
35.3,51.83,2,3,4.86,0
1.1,129.6,2,4,0.0,1
13.1,68.35,0,2,2.79,0
44.1,59.81,1,2,1.7,0
13.5,70.65,3,3,6.41,0
47.0,19.93,1,4,3.12,0
4.3,51.0,1,2,2.88,0
35.4,94.58,2,2,3.9,0
66.7,54.28,3,1,2.81,0
3.7,49.28,0,3,3.19,0
42.3,102.74,1,4,4.19,0
7.3,103.51,1,3,3.16,0
2.9,82.92,2,2,3.14,1
2.5,58.62,1,2,1.98,0
12.5,64.01,0,2,1.69,0
0.3,49.9,2,2,4.12,0
6.8,45.13,2,2,4.61,0
12.5,43.89,0,5,1.14,0
14.1,54.55,0,2,5.52,0
5.6,44.13,0,2,5.53,0
9.2,30.91,3,4,5.95,0
4.8,75.49,2,5,4.6,0
6.7,75.86,0,3,5.27,0
28.7,112.52,1,4,8.37,0
12.8,53.29,0,1,3.4,1
32.8,77.4,2,3,1.91,0
6.6,77.82,2,1,0.93,0
0.7,63.65,1,1,7.51,0
18.5,88.61,0,3,7.54,0
30.2,89.38,1,2,2.15,0
2.4,78.19,0,1,2.55,1
27.2,63.61,1,1,3.35,0
2.9,61.06,3,4,6.45,0
8.6,35.81,1,3,1.43,0
19.6,49.85,1,2,0.07,1
2.4,54.45,1,5,8.34,0
23.4,41.9,2,2,4.62,0
18.3,81.0,1,5,4.91,0
25.7,99.92,1,2,3.59,0
1.9,47.3,2,1,4.93,0
7.0,77.09,1,1,0.97,0
39.5,44.15,3,2,2.32,0
0.6,62.38,0,1,4.21,0
41.8,52.74,4,1,0.0,0
31.3,85.05,3,2,3.39,0
2.3,53.03,2,5,3.27,1
4.0,95.29,0,2,3.39,0
36.1,63.86,3,2,2.9,0
15.8,53.76,0,5,2.01,0
13.2,38.67,0,2,0.36,0
7.5,76.33,3,5,4.29,0
13.7,92.38,2,4,3.4,0
10.6,76.83,2,5,1.25,1
12.7,125.97,0,3,4.13,0
42.6,105.74,4,3,3.41,0
0.8,62.31,2,2,3.08,0
52.5,62.05,1,3,0.0,0
8.1,81.74,1,4,5.37,0
8.0,49.05,1,5,1.53,0
27.2,99.16,1,1,4.13,0
47.1,79.04,0,1,2.38,0
19.6,76.41,2,1,3.22,0
6.6,87.17,0,4,6.3,0
2.6,113.07,1,1,5.06,0
13.0,74.27,0,5,6.26,0
1.9,67.17,4,2,4.66,0
45.7,107.72,3,2,4.79,0
8.3,94.19,1,5,0.44,0
31.0,61.98,1,4,3.36,0
39.3,70.13,1,3,3.55,0
20.6,74.88,2,5,6.45,0
31.8,79.05,0,4,2.99,0
20.0,36.09,0,4,4.53,0
10.2,31.44,2,2,4.45,0
